{
  "res_id": "RES0203",
  "qid": "Q1",
  "question_type": "symptom_recall",
  "per_model": {
    "gpt": {
      "correctness": 2.6666666666666665,
      "completeness": 2.0,
      "faithfulness": 2.3333333333333335,
      "relevance": 3.3333333333333335,
      "average": 2.5833333333333335
    },
    "claude": {
      "correctness": 2.0,
      "completeness": 2.0,
      "faithfulness": 2.3333333333333335,
      "relevance": 3.0,
      "average": 2.3333333333333335
    },
    "gemini": {
      "correctness": 2.3333333333333335,
      "completeness": 2.0,
      "faithfulness": 3.3333333333333335,
      "relevance": 4.333333333333333,
      "average": 3.0
    },
    "grok": {
      "correctness": 2.0,
      "completeness": 2.0,
      "faithfulness": 2.0,
      "relevance": 4.666666666666667,
      "average": 2.6666666666666665
    }
  },
  "ensemble": {
    "correctness": 2.25,
    "completeness": 2.0,
    "faithfulness": 2.5,
    "relevance": 3.833333333333334,
    "average": 2.6458333333333335
  }
}