{
  "res_id": "RES0198",
  "qid": "Q7",
  "question_type": "temporal_progression",
  "per_model": {
    "gpt": {
      "correctness": 1.3333333333333333,
      "completeness": 2.0,
      "faithfulness": 2.0,
      "relevance": 4.0,
      "average": 2.3333333333333335
    },
    "claude": {
      "correctness": 2.0,
      "completeness": 2.0,
      "faithfulness": 2.0,
      "relevance": 3.3333333333333335,
      "average": 2.3333333333333335
    },
    "gemini": {
      "correctness": 1.3333333333333333,
      "completeness": 2.0,
      "faithfulness": 1.3333333333333333,
      "relevance": 5.0,
      "average": 2.4166666666666665
    },
    "grok": {
      "correctness": 2.0,
      "completeness": 2.0,
      "faithfulness": 2.0,
      "relevance": 4.0,
      "average": 2.5
    }
  },
  "ensemble": {
    "correctness": 1.6666666666666665,
    "completeness": 2.0,
    "faithfulness": 1.8333333333333333,
    "relevance": 4.083333333333334,
    "average": 2.3958333333333335
  }
}