{
  "res_id": "RES0210",
  "qid": "Q1",
  "question_type": "symptom_recall",
  "per_model": {
    "gpt": {
      "correctness": 4.0,
      "completeness": 2.6666666666666665,
      "faithfulness": 4.666666666666667,
      "relevance": 4.333333333333333,
      "average": 3.9166666666666665
    },
    "claude": {
      "correctness": 2.6666666666666665,
      "completeness": 2.6666666666666665,
      "faithfulness": 4.666666666666667,
      "relevance": 4.333333333333333,
      "average": 3.5833333333333335
    },
    "gemini": {
      "correctness": 5.0,
      "completeness": 2.3333333333333335,
      "faithfulness": 5.0,
      "relevance": 4.666666666666667,
      "average": 4.25
    },
    "grok": {
      "correctness": 5.0,
      "completeness": 2.0,
      "faithfulness": 5.0,
      "relevance": 5.0,
      "average": 4.25
    }
  },
  "ensemble": {
    "correctness": 4.166666666666666,
    "completeness": 2.4166666666666665,
    "faithfulness": 4.833333333333334,
    "relevance": 4.583333333333333,
    "average": 4.0
  }
}