{
  "res_id": "RES0199",
  "qid": "Q7",
  "question_type": "temporal_progression",
  "per_model": {
    "gpt": {
      "correctness": 3.0,
      "completeness": 2.0,
      "faithfulness": 3.0,
      "relevance": 4.0,
      "average": 3.0
    },
    "claude": {
      "correctness": 3.0,
      "completeness": 3.0,
      "faithfulness": 3.6666666666666665,
      "relevance": 4.333333333333333,
      "average": 3.5
    },
    "gemini": {
      "correctness": 3.6666666666666665,
      "completeness": 3.3333333333333335,
      "faithfulness": 4.0,
      "relevance": 5.0,
      "average": 4.0
    },
    "grok": {
      "correctness": 4.0,
      "completeness": 3.6666666666666665,
      "faithfulness": 4.666666666666667,
      "relevance": 5.0,
      "average": 4.333333333333333
    }
  },
  "ensemble": {
    "correctness": 3.4166666666666665,
    "completeness": 3.0,
    "faithfulness": 3.833333333333333,
    "relevance": 4.583333333333333,
    "average": 3.708333333333333
  }
}