{
  "res_id": "RES0210",
  "qid": "Q6",
  "question_type": "clinical_plan",
  "per_model": {
    "gpt": {
      "correctness": 2.0,
      "completeness": 2.0,
      "faithfulness": 2.0,
      "relevance": 3.6666666666666665,
      "average": 2.4166666666666665
    },
    "claude": {
      "correctness": 2.0,
      "completeness": 2.0,
      "faithfulness": 2.0,
      "relevance": 2.3333333333333335,
      "average": 2.0833333333333335
    },
    "gemini": {
      "correctness": 1.0,
      "completeness": 1.3333333333333333,
      "faithfulness": 1.0,
      "relevance": 2.6666666666666665,
      "average": 1.5
    },
    "grok": {
      "correctness": 2.0,
      "completeness": 2.0,
      "faithfulness": 2.0,
      "relevance": 4.0,
      "average": 2.5
    }
  },
  "ensemble": {
    "correctness": 1.75,
    "completeness": 1.8333333333333333,
    "faithfulness": 1.75,
    "relevance": 3.1666666666666665,
    "average": 2.125
  }
}