{
  "res_id": "RES0205",
  "qid": "Q2",
  "question_type": "treatment_inventory",
  "per_model": {
    "gpt": {
      "correctness": 3.3333333333333335,
      "completeness": 3.0,
      "faithfulness": 3.3333333333333335,
      "relevance": 4.0,
      "average": 3.4166666666666665
    },
    "claude": {
      "correctness": 5.0,
      "completeness": 4.0,
      "faithfulness": 5.0,
      "relevance": 4.333333333333333,
      "average": 4.583333333333333
    },
    "gemini": {
      "correctness": 4.0,
      "completeness": 3.0,
      "faithfulness": 5.0,
      "relevance": 5.0,
      "average": 4.25
    },
    "grok": {
      "correctness": 4.0,
      "completeness": 3.3333333333333335,
      "faithfulness": 4.666666666666667,
      "relevance": 4.333333333333333,
      "average": 4.083333333333333
    }
  },
  "ensemble": {
    "correctness": 4.083333333333334,
    "completeness": 3.3333333333333335,
    "faithfulness": 4.5,
    "relevance": 4.416666666666666,
    "average": 4.083333333333333
  }
}