{
  "res_id": "RES0214",
  "qid": "Q5",
  "question_type": "risk_factors",
  "per_model": {
    "gpt": {
      "correctness": 4.0,
      "completeness": 4.0,
      "faithfulness": 3.6666666666666665,
      "relevance": 5.0,
      "average": 4.166666666666667
    },
    "claude": {
      "correctness": 3.3333333333333335,
      "completeness": 4.0,
      "faithfulness": 3.0,
      "relevance": 4.666666666666667,
      "average": 3.75
    },
    "gemini": {
      "correctness": 5.0,
      "completeness": 4.0,
      "faithfulness": 4.0,
      "relevance": 5.0,
      "average": 4.5
    },
    "grok": {
      "correctness": 4.0,
      "completeness": 4.0,
      "faithfulness": 2.3333333333333335,
      "relevance": 4.333333333333333,
      "average": 3.6666666666666665
    }
  },
  "ensemble": {
    "correctness": 4.083333333333334,
    "completeness": 4.0,
    "faithfulness": 3.25,
    "relevance": 4.75,
    "average": 4.020833333333334
  }
}