{
  "res_id": "RES0198",
  "qid": "Q2",
  "question_type": "treatment_inventory",
  "per_model": {
    "gpt": {
      "correctness": 2.0,
      "completeness": 2.0,
      "faithfulness": 2.3333333333333335,
      "relevance": 4.666666666666667,
      "average": 2.75
    },
    "claude": {
      "correctness": 2.0,
      "completeness": 2.0,
      "faithfulness": 2.0,
      "relevance": 3.0,
      "average": 2.25
    },
    "gemini": {
      "correctness": 2.0,
      "completeness": 2.0,
      "faithfulness": 2.0,
      "relevance": 5.0,
      "average": 2.75
    },
    "grok": {
      "correctness": 2.0,
      "completeness": 1.3333333333333333,
      "faithfulness": 2.0,
      "relevance": 5.0,
      "average": 2.5833333333333335
    }
  },
  "ensemble": {
    "correctness": 2.0,
    "completeness": 1.8333333333333333,
    "faithfulness": 2.0833333333333335,
    "relevance": 4.416666666666667,
    "average": 2.5833333333333335
  }
}