{
  "res_id": "RES0201",
  "qid": "Q3",
  "question_type": "diagnostic_reasoning",
  "per_model": {
    "gpt": {
      "correctness": 2.0,
      "completeness": 2.0,
      "faithfulness": 2.0,
      "relevance": 3.0,
      "average": 2.25
    },
    "claude": {
      "correctness": 2.0,
      "completeness": 2.0,
      "faithfulness": 1.6666666666666667,
      "relevance": 2.3333333333333335,
      "average": 2.0
    },
    "gemini": {
      "correctness": 2.0,
      "completeness": 2.0,
      "faithfulness": 1.6666666666666667,
      "relevance": 3.3333333333333335,
      "average": 2.25
    },
    "grok": {
      "correctness": 2.0,
      "completeness": 2.0,
      "faithfulness": 2.0,
      "relevance": 3.6666666666666665,
      "average": 2.4166666666666665
    }
  },
  "ensemble": {
    "correctness": 2.0,
    "completeness": 2.0,
    "faithfulness": 1.8333333333333335,
    "relevance": 3.0833333333333335,
    "average": 2.2291666666666665
  }
}