{
  "res_id": "RES0207",
  "qid": "Q7",
  "question_type": "temporal_progression",
  "per_model": {
    "gpt": {
      "correctness": 4.0,
      "completeness": 3.0,
      "faithfulness": 4.0,
      "relevance": 4.666666666666667,
      "average": 3.9166666666666665
    },
    "claude": {
      "correctness": 3.3333333333333335,
      "completeness": 3.0,
      "faithfulness": 4.333333333333333,
      "relevance": 4.333333333333333,
      "average": 3.75
    },
    "gemini": {
      "correctness": 5.0,
      "completeness": 3.0,
      "faithfulness": 5.0,
      "relevance": 5.0,
      "average": 4.5
    },
    "grok": {
      "correctness": 4.333333333333333,
      "completeness": 3.0,
      "faithfulness": 4.666666666666667,
      "relevance": 5.0,
      "average": 4.25
    }
  },
  "ensemble": {
    "correctness": 4.166666666666667,
    "completeness": 3.0,
    "faithfulness": 4.5,
    "relevance": 4.75,
    "average": 4.104166666666666
  }
}