{
  "res_id": "RES0214",
  "qid": "Q7",
  "question_type": "temporal_progression",
  "per_model": {
    "gpt": {
      "correctness": 2.3333333333333335,
      "completeness": 2.6666666666666665,
      "faithfulness": 2.3333333333333335,
      "relevance": 4.0,
      "average": 2.8333333333333335
    },
    "claude": {
      "correctness": 2.0,
      "completeness": 2.6666666666666665,
      "faithfulness": 2.3333333333333335,
      "relevance": 3.0,
      "average": 2.5
    },
    "gemini": {
      "correctness": 2.3333333333333335,
      "completeness": 3.0,
      "faithfulness": 2.3333333333333335,
      "relevance": 4.666666666666667,
      "average": 3.0833333333333335
    },
    "grok": {
      "correctness": 2.0,
      "completeness": 2.6666666666666665,
      "faithfulness": 2.0,
      "relevance": 4.666666666666667,
      "average": 2.8333333333333335
    }
  },
  "ensemble": {
    "correctness": 2.166666666666667,
    "completeness": 2.7499999999999996,
    "faithfulness": 2.25,
    "relevance": 4.083333333333334,
    "average": 2.8125000000000004
  }
}