{
  "res_id": "RES0217",
  "qid": "Q6",
  "question_type": "clinical_plan",
  "per_model": {
    "gpt": {
      "correctness": 3.0,
      "completeness": 2.0,
      "faithfulness": 2.3333333333333335,
      "relevance": 4.0,
      "average": 2.8333333333333335
    },
    "claude": {
      "correctness": 2.0,
      "completeness": 2.6666666666666665,
      "faithfulness": 2.0,
      "relevance": 3.0,
      "average": 2.4166666666666665
    },
    "gemini": {
      "correctness": 2.0,
      "completeness": 2.3333333333333335,
      "faithfulness": 2.3333333333333335,
      "relevance": 4.333333333333333,
      "average": 2.75
    },
    "grok": {
      "correctness": 2.0,
      "completeness": 2.6666666666666665,
      "faithfulness": 2.0,
      "relevance": 4.0,
      "average": 2.6666666666666665
    }
  },
  "ensemble": {
    "correctness": 2.25,
    "completeness": 2.4166666666666665,
    "faithfulness": 2.166666666666667,
    "relevance": 3.833333333333333,
    "average": 2.6666666666666665
  }
}