{
  "res_id": "RES0215",
  "qid": "Q1",
  "question_type": "symptom_recall",
  "per_model": {
    "gpt": {
      "correctness": 4.0,
      "completeness": 3.3333333333333335,
      "faithfulness": 4.0,
      "relevance": 4.333333333333333,
      "average": 3.9166666666666665
    },
    "claude": {
      "correctness": 4.0,
      "completeness": 3.0,
      "faithfulness": 3.3333333333333335,
      "relevance": 4.666666666666667,
      "average": 3.75
    },
    "gemini": {
      "correctness": 4.333333333333333,
      "completeness": 3.6666666666666665,
      "faithfulness": 4.333333333333333,
      "relevance": 5.0,
      "average": 4.333333333333333
    },
    "grok": {
      "correctness": 4.0,
      "completeness": 4.0,
      "faithfulness": 4.0,
      "relevance": 5.0,
      "average": 4.25
    }
  },
  "ensemble": {
    "correctness": 4.083333333333333,
    "completeness": 3.5,
    "faithfulness": 3.916666666666667,
    "relevance": 4.75,
    "average": 4.0625
  }
}