{
  "res_id": "RES0215",
  "qid": "Q6",
  "question_type": "clinical_plan",
  "per_model": {
    "gpt": {
      "correctness": 1.3333333333333333,
      "completeness": 1.0,
      "faithfulness": 2.0,
      "relevance": 3.0,
      "average": 1.8333333333333333
    },
    "claude": {
      "correctness": 1.0,
      "completeness": 1.0,
      "faithfulness": 2.0,
      "relevance": 2.0,
      "average": 1.5
    },
    "gemini": {
      "correctness": 1.3333333333333333,
      "completeness": 1.0,
      "faithfulness": 1.6666666666666667,
      "relevance": 2.0,
      "average": 1.5
    },
    "grok": {
      "correctness": 1.3333333333333333,
      "completeness": 1.0,
      "faithfulness": 2.0,
      "relevance": 4.333333333333333,
      "average": 2.1666666666666665
    }
  },
  "ensemble": {
    "correctness": 1.2499999999999998,
    "completeness": 1.0,
    "faithfulness": 1.9166666666666667,
    "relevance": 2.833333333333333,
    "average": 1.75
  }
}