{
  "res_id": "RES0214",
  "qid": "Q1",
  "question_type": "symptom_recall",
  "per_model": {
    "gpt": {
      "correctness": 3.3333333333333335,
      "completeness": 4.0,
      "faithfulness": 2.3333333333333335,
      "relevance": 4.333333333333333,
      "average": 3.5
    },
    "claude": {
      "correctness": 2.0,
      "completeness": 3.0,
      "faithfulness": 2.0,
      "relevance": 4.0,
      "average": 2.75
    },
    "gemini": {
      "correctness": 3.0,
      "completeness": 5.0,
      "faithfulness": 2.0,
      "relevance": 5.0,
      "average": 3.75
    },
    "grok": {
      "correctness": 2.3333333333333335,
      "completeness": 3.0,
      "faithfulness": 2.0,
      "relevance": 5.0,
      "average": 3.0833333333333335
    }
  },
  "ensemble": {
    "correctness": 2.666666666666667,
    "completeness": 3.75,
    "faithfulness": 2.0833333333333335,
    "relevance": 4.583333333333333,
    "average": 3.2708333333333335
  }
}