{
  "res_id": "RES0204",
  "qid": "Q6",
  "question_type": "clinical_plan",
  "per_model": {
    "gpt": {
      "correctness": 4.0,
      "completeness": 3.3333333333333335,
      "faithfulness": 4.0,
      "relevance": 5.0,
      "average": 4.083333333333333
    },
    "claude": {
      "correctness": 4.666666666666667,
      "completeness": 4.333333333333333,
      "faithfulness": 5.0,
      "relevance": 4.666666666666667,
      "average": 4.666666666666667
    },
    "gemini": {
      "correctness": 5.0,
      "completeness": 3.6666666666666665,
      "faithfulness": 5.0,
      "relevance": 5.0,
      "average": 4.666666666666667
    },
    "grok": {
      "correctness": 4.0,
      "completeness": 4.0,
      "faithfulness": 4.0,
      "relevance": 5.0,
      "average": 4.25
    }
  },
  "ensemble": {
    "correctness": 4.416666666666667,
    "completeness": 3.833333333333333,
    "faithfulness": 4.5,
    "relevance": 4.916666666666667,
    "average": 4.416666666666667
  }
}