{
  "res_id": "RES0202",
  "qid": "Q1",
  "question_type": "symptom_recall",
  "per_model": {
    "gpt": {
      "correctness": 1.6666666666666667,
      "completeness": 2.0,
      "faithfulness": 2.0,
      "relevance": 3.3333333333333335,
      "average": 2.25
    },
    "claude": {
      "correctness": 2.0,
      "completeness": 2.3333333333333335,
      "faithfulness": 2.0,
      "relevance": 2.6666666666666665,
      "average": 2.25
    },
    "gemini": {
      "correctness": 1.6666666666666667,
      "completeness": 2.0,
      "faithfulness": 1.3333333333333333,
      "relevance": 2.6666666666666665,
      "average": 1.9166666666666667
    },
    "grok": {
      "correctness": 2.0,
      "completeness": 2.0,
      "faithfulness": 2.0,
      "relevance": 4.333333333333333,
      "average": 2.5833333333333335
    }
  },
  "ensemble": {
    "correctness": 1.8333333333333335,
    "completeness": 2.0833333333333335,
    "faithfulness": 1.8333333333333333,
    "relevance": 3.25,
    "average": 2.25
  }
}