{
  "res_id": "RES0204",
  "qid": "Q3",
  "question_type": "diagnostic_reasoning",
  "per_model": {
    "gpt": {
      "correctness": 4.0,
      "completeness": 2.3333333333333335,
      "faithfulness": 3.0,
      "relevance": 5.0,
      "average": 3.5833333333333335
    },
    "claude": {
      "correctness": 3.6666666666666665,
      "completeness": 3.0,
      "faithfulness": 4.333333333333333,
      "relevance": 3.0,
      "average": 3.5
    },
    "gemini": {
      "correctness": 3.6666666666666665,
      "completeness": 2.6666666666666665,
      "faithfulness": 3.6666666666666665,
      "relevance": 3.6666666666666665,
      "average": 3.4166666666666665
    },
    "grok": {
      "correctness": 3.6666666666666665,
      "completeness": 3.0,
      "faithfulness": 2.3333333333333335,
      "relevance": 4.0,
      "average": 3.25
    }
  },
  "ensemble": {
    "correctness": 3.7499999999999996,
    "completeness": 2.75,
    "faithfulness": 3.3333333333333335,
    "relevance": 3.9166666666666665,
    "average": 3.4375
  }
}