{
  "res_id": "RES0206",
  "qid": "Q2",
  "question_type": "treatment_inventory",
  "per_model": {
    "gpt": {
      "correctness": 2.3333333333333335,
      "completeness": 2.3333333333333335,
      "faithfulness": 2.6666666666666665,
      "relevance": 4.0,
      "average": 2.8333333333333335
    },
    "claude": {
      "correctness": 2.0,
      "completeness": 2.3333333333333335,
      "faithfulness": 3.0,
      "relevance": 3.6666666666666665,
      "average": 2.75
    },
    "gemini": {
      "correctness": 2.0,
      "completeness": 2.3333333333333335,
      "faithfulness": 2.0,
      "relevance": 4.333333333333333,
      "average": 2.6666666666666665
    },
    "grok": {
      "correctness": 2.0,
      "completeness": 2.0,
      "faithfulness": 2.3333333333333335,
      "relevance": 5.0,
      "average": 2.8333333333333335
    }
  },
  "ensemble": {
    "correctness": 2.0833333333333335,
    "completeness": 2.25,
    "faithfulness": 2.5,
    "relevance": 4.25,
    "average": 2.7708333333333335
  }
}