{
  "res_id": "RES0211",
  "qid": "Q6",
  "question_type": "clinical_plan",
  "per_model": {
    "gpt": {
      "correctness": 1.0,
      "completeness": 1.0,
      "faithfulness": 1.3333333333333333,
      "relevance": 3.0,
      "average": 1.5833333333333333
    },
    "claude": {
      "correctness": 1.3333333333333333,
      "completeness": 1.3333333333333333,
      "faithfulness": 1.3333333333333333,
      "relevance": 2.0,
      "average": 1.5
    },
    "gemini": {
      "correctness": 2.0,
      "completeness": 1.3333333333333333,
      "faithfulness": 2.0,
      "relevance": 2.6666666666666665,
      "average": 2.0
    },
    "grok": {
      "correctness": 1.3333333333333333,
      "completeness": 1.0,
      "faithfulness": 1.3333333333333333,
      "relevance": 2.3333333333333335,
      "average": 1.5
    }
  },
  "ensemble": {
    "correctness": 1.4166666666666665,
    "completeness": 1.1666666666666665,
    "faithfulness": 1.4999999999999998,
    "relevance": 2.5,
    "average": 1.6458333333333333
  }
}