{
  "res_id": "RES0208",
  "qid": "Q7",
  "question_type": "temporal_progression",
  "per_model": {
    "gpt": {
      "correctness": 4.0,
      "completeness": 3.0,
      "faithfulness": 3.3333333333333335,
      "relevance": 4.0,
      "average": 3.5833333333333335
    },
    "claude": {
      "correctness": 4.0,
      "completeness": 3.0,
      "faithfulness": 4.0,
      "relevance": 4.333333333333333,
      "average": 3.8333333333333335
    },
    "gemini": {
      "correctness": 4.333333333333333,
      "completeness": 3.0,
      "faithfulness": 5.0,
      "relevance": 5.0,
      "average": 4.333333333333333
    },
    "grok": {
      "correctness": 3.0,
      "completeness": 3.0,
      "faithfulness": 3.6666666666666665,
      "relevance": 4.0,
      "average": 3.4166666666666665
    }
  },
  "ensemble": {
    "correctness": 3.833333333333333,
    "completeness": 3.0,
    "faithfulness": 4.0,
    "relevance": 4.333333333333333,
    "average": 3.7916666666666665
  }
}