{
  "res_id": "RES0207",
  "qid": "Q1",
  "question_type": "symptom_recall",
  "per_model": {
    "gpt": {
      "correctness": 5.0,
      "completeness": 3.0,
      "faithfulness": 5.0,
      "relevance": 5.0,
      "average": 4.5
    },
    "claude": {
      "correctness": 4.0,
      "completeness": 2.6666666666666665,
      "faithfulness": 5.0,
      "relevance": 4.0,
      "average": 3.9166666666666665
    },
    "gemini": {
      "correctness": 5.0,
      "completeness": 2.6666666666666665,
      "faithfulness": 5.0,
      "relevance": 5.0,
      "average": 4.416666666666667
    },
    "grok": {
      "correctness": 4.333333333333333,
      "completeness": 2.0,
      "faithfulness": 5.0,
      "relevance": 5.0,
      "average": 4.083333333333333
    }
  },
  "ensemble": {
    "correctness": 4.583333333333333,
    "completeness": 2.583333333333333,
    "faithfulness": 5.0,
    "relevance": 4.75,
    "average": 4.229166666666666
  }
}