{
  "res_id": "RES0211",
  "qid": "Q1",
  "question_type": "symptom_recall",
  "per_model": {
    "gpt": {
      "correctness": 2.0,
      "completeness": 2.0,
      "faithfulness": 2.0,
      "relevance": 3.6666666666666665,
      "average": 2.4166666666666665
    },
    "claude": {
      "correctness": 2.0,
      "completeness": 2.6666666666666665,
      "faithfulness": 2.0,
      "relevance": 3.0,
      "average": 2.4166666666666665
    },
    "gemini": {
      "correctness": 2.0,
      "completeness": 2.0,
      "faithfulness": 1.3333333333333333,
      "relevance": 3.6666666666666665,
      "average": 2.25
    },
    "grok": {
      "correctness": 2.0,
      "completeness": 2.3333333333333335,
      "faithfulness": 2.0,
      "relevance": 4.0,
      "average": 2.5833333333333335
    }
  },
  "ensemble": {
    "correctness": 2.0,
    "completeness": 2.25,
    "faithfulness": 1.8333333333333333,
    "relevance": 3.583333333333333,
    "average": 2.4166666666666665
  }
}