{
  "res_id": "RES0200",
  "qid": "Q2",
  "question_type": "treatment_inventory",
  "per_model": {
    "gpt": {
      "correctness": 1.3333333333333333,
      "completeness": 1.6666666666666667,
      "faithfulness": 2.0,
      "relevance": 3.6666666666666665,
      "average": 2.1666666666666665
    },
    "claude": {
      "correctness": 1.6666666666666667,
      "completeness": 2.0,
      "faithfulness": 2.0,
      "relevance": 3.0,
      "average": 2.1666666666666665
    },
    "gemini": {
      "correctness": 1.6666666666666667,
      "completeness": 2.0,
      "faithfulness": 1.6666666666666667,
      "relevance": 5.0,
      "average": 2.5833333333333335
    },
    "grok": {
      "correctness": 2.0,
      "completeness": 1.6666666666666667,
      "faithfulness": 2.0,
      "relevance": 4.333333333333333,
      "average": 2.5
    }
  },
  "ensemble": {
    "correctness": 1.6666666666666667,
    "completeness": 1.8333333333333335,
    "faithfulness": 1.9166666666666667,
    "relevance": 4.0,
    "average": 2.3541666666666665
  }
}