{
  "res_id": "RES0212",
  "qid": "Q1",
  "question_type": "symptom_recall",
  "per_model": {
    "gpt": {
      "correctness": 2.6666666666666665,
      "completeness": 2.0,
      "faithfulness": 3.0,
      "relevance": 4.0,
      "average": 2.9166666666666665
    },
    "claude": {
      "correctness": 2.0,
      "completeness": 1.6666666666666667,
      "faithfulness": 2.3333333333333335,
      "relevance": 2.6666666666666665,
      "average": 2.1666666666666665
    },
    "gemini": {
      "correctness": 2.6666666666666665,
      "completeness": 2.0,
      "faithfulness": 3.6666666666666665,
      "relevance": 5.0,
      "average": 3.3333333333333335
    },
    "grok": {
      "correctness": 2.0,
      "completeness": 1.6666666666666667,
      "faithfulness": 2.6666666666666665,
      "relevance": 4.666666666666667,
      "average": 2.75
    }
  },
  "ensemble": {
    "correctness": 2.333333333333333,
    "completeness": 1.8333333333333335,
    "faithfulness": 2.9166666666666665,
    "relevance": 4.083333333333333,
    "average": 2.7916666666666665
  }
}