{
  "res_id": "RES0212",
  "qid": "Q5",
  "question_type": "risk_factors",
  "per_model": {
    "gpt": {
      "correctness": 2.0,
      "completeness": 2.0,
      "faithfulness": 2.0,
      "relevance": 2.0,
      "average": 2.0
    },
    "claude": {
      "correctness": 1.3333333333333333,
      "completeness": 1.3333333333333333,
      "faithfulness": 1.3333333333333333,
      "relevance": 1.3333333333333333,
      "average": 1.3333333333333333
    },
    "gemini": {
      "correctness": 1.3333333333333333,
      "completeness": 1.6666666666666667,
      "faithfulness": 1.6666666666666667,
      "relevance": 1.6666666666666667,
      "average": 1.5833333333333333
    },
    "grok": {
      "correctness": 1.3333333333333333,
      "completeness": 1.3333333333333333,
      "faithfulness": 1.6666666666666667,
      "relevance": 2.0,
      "average": 1.5833333333333333
    }
  },
  "ensemble": {
    "correctness": 1.4999999999999998,
    "completeness": 1.5833333333333333,
    "faithfulness": 1.6666666666666667,
    "relevance": 1.75,
    "average": 1.6249999999999998
  }
}