{
  "res_id": "RES0209",
  "qid": "Q3",
  "question_type": "diagnostic_reasoning",
  "per_model": {
    "gpt": {
      "correctness": 3.6666666666666665,
      "completeness": 2.3333333333333335,
      "faithfulness": 4.0,
      "relevance": 3.3333333333333335,
      "average": 3.3333333333333335
    },
    "claude": {
      "correctness": 2.6666666666666665,
      "completeness": 2.6666666666666665,
      "faithfulness": 3.3333333333333335,
      "relevance": 3.6666666666666665,
      "average": 3.0833333333333335
    },
    "gemini": {
      "correctness": 4.666666666666667,
      "completeness": 2.3333333333333335,
      "faithfulness": 4.666666666666667,
      "relevance": 4.333333333333333,
      "average": 4.0
    },
    "grok": {
      "correctness": 4.0,
      "completeness": 2.6666666666666665,
      "faithfulness": 3.6666666666666665,
      "relevance": 4.333333333333333,
      "average": 3.6666666666666665
    }
  },
  "ensemble": {
    "correctness": 3.75,
    "completeness": 2.5,
    "faithfulness": 3.9166666666666665,
    "relevance": 3.916666666666666,
    "average": 3.5208333333333335
  }
}