{
  "res_id": "RES0209",
  "qid": "Q6",
  "question_type": "clinical_plan",
  "per_model": {
    "gpt": {
      "correctness": 3.3333333333333335,
      "completeness": 3.0,
      "faithfulness": 3.6666666666666665,
      "relevance": 4.0,
      "average": 3.5
    },
    "claude": {
      "correctness": 3.0,
      "completeness": 3.0,
      "faithfulness": 3.6666666666666665,
      "relevance": 5.0,
      "average": 3.6666666666666665
    },
    "gemini": {
      "correctness": 3.0,
      "completeness": 3.0,
      "faithfulness": 4.0,
      "relevance": 5.0,
      "average": 3.75
    },
    "grok": {
      "correctness": 2.0,
      "completeness": 3.0,
      "faithfulness": 2.3333333333333335,
      "relevance": 5.0,
      "average": 3.0833333333333335
    }
  },
  "ensemble": {
    "correctness": 2.8333333333333335,
    "completeness": 3.0,
    "faithfulness": 3.4166666666666665,
    "relevance": 4.75,
    "average": 3.5
  }
}