{
  "res_id": "RES0205",
  "qid": "Q4",
  "question_type": "ruled_out",
  "per_model": {
    "gpt": {
      "correctness": 3.0,
      "completeness": 2.0,
      "faithfulness": 3.0,
      "relevance": 4.333333333333333,
      "average": 3.0833333333333335
    },
    "claude": {
      "correctness": 2.3333333333333335,
      "completeness": 2.3333333333333335,
      "faithfulness": 3.0,
      "relevance": 4.0,
      "average": 2.9166666666666665
    },
    "gemini": {
      "correctness": 2.3333333333333335,
      "completeness": 2.0,
      "faithfulness": 2.3333333333333335,
      "relevance": 5.0,
      "average": 2.9166666666666665
    },
    "grok": {
      "correctness": 2.3333333333333335,
      "completeness": 2.0,
      "faithfulness": 2.6666666666666665,
      "relevance": 4.333333333333333,
      "average": 2.8333333333333335
    }
  },
  "ensemble": {
    "correctness": 2.5000000000000004,
    "completeness": 2.0833333333333335,
    "faithfulness": 2.75,
    "relevance": 4.416666666666666,
    "average": 2.9375
  }
}