{
  "res_id": "RES0217",
  "qid": "Q5",
  "question_type": "risk_factors",
  "per_model": {
    "gpt": {
      "correctness": 2.0,
      "completeness": 2.0,
      "faithfulness": 2.0,
      "relevance": 3.3333333333333335,
      "average": 2.3333333333333335
    },
    "claude": {
      "correctness": 2.0,
      "completeness": 2.3333333333333335,
      "faithfulness": 2.0,
      "relevance": 3.0,
      "average": 2.3333333333333335
    },
    "gemini": {
      "correctness": 2.0,
      "completeness": 2.0,
      "faithfulness": 1.6666666666666667,
      "relevance": 3.0,
      "average": 2.1666666666666665
    },
    "grok": {
      "correctness": 2.0,
      "completeness": 2.6666666666666665,
      "faithfulness": 2.0,
      "relevance": 3.0,
      "average": 2.4166666666666665
    }
  },
  "ensemble": {
    "correctness": 2.0,
    "completeness": 2.25,
    "faithfulness": 1.9166666666666667,
    "relevance": 3.0833333333333335,
    "average": 2.3125
  }
}