{
  "res_id": "RES0205",
  "qid": "Q5",
  "question_type": "risk_factors",
  "per_model": {
    "gpt": {
      "correctness": 3.3333333333333335,
      "completeness": 3.0,
      "faithfulness": 4.0,
      "relevance": 4.666666666666667,
      "average": 3.75
    },
    "claude": {
      "correctness": 2.6666666666666665,
      "completeness": 2.6666666666666665,
      "faithfulness": 3.6666666666666665,
      "relevance": 2.3333333333333335,
      "average": 2.8333333333333335
    },
    "gemini": {
      "correctness": 3.6666666666666665,
      "completeness": 3.0,
      "faithfulness": 4.0,
      "relevance": 5.0,
      "average": 3.9166666666666665
    },
    "grok": {
      "correctness": 4.0,
      "completeness": 3.0,
      "faithfulness": 5.0,
      "relevance": 4.0,
      "average": 4.0
    }
  },
  "ensemble": {
    "correctness": 3.4166666666666665,
    "completeness": 2.9166666666666665,
    "faithfulness": 4.166666666666666,
    "relevance": 4.0,
    "average": 3.625
  }
}