{
  "res_id": "RES0212",
  "qid": "Q3",
  "question_type": "diagnostic_reasoning",
  "per_model": {
    "gpt": {
      "correctness": 2.0,
      "completeness": 2.0,
      "faithfulness": 2.0,
      "relevance": 4.0,
      "average": 2.5
    },
    "claude": {
      "correctness": 2.0,
      "completeness": 2.3333333333333335,
      "faithfulness": 2.0,
      "relevance": 3.3333333333333335,
      "average": 2.4166666666666665
    },
    "gemini": {
      "correctness": 2.6666666666666665,
      "completeness": 3.0,
      "faithfulness": 2.0,
      "relevance": 5.0,
      "average": 3.1666666666666665
    },
    "grok": {
      "correctness": 2.6666666666666665,
      "completeness": 2.6666666666666665,
      "faithfulness": 2.0,
      "relevance": 4.666666666666667,
      "average": 3.0
    }
  },
  "ensemble": {
    "correctness": 2.333333333333333,
    "completeness": 2.5,
    "faithfulness": 2.0,
    "relevance": 4.25,
    "average": 2.770833333333333
  }
}