{
  "res_id": "RES0215",
  "qid": "Q7",
  "question_type": "temporal_progression",
  "per_model": {
    "gpt": {
      "correctness": 3.0,
      "completeness": 3.0,
      "faithfulness": 2.6666666666666665,
      "relevance": 4.0,
      "average": 3.1666666666666665
    },
    "claude": {
      "correctness": 2.3333333333333335,
      "completeness": 3.0,
      "faithfulness": 2.0,
      "relevance": 4.333333333333333,
      "average": 2.9166666666666665
    },
    "gemini": {
      "correctness": 3.0,
      "completeness": 3.3333333333333335,
      "faithfulness": 3.3333333333333335,
      "relevance": 5.0,
      "average": 3.6666666666666665
    },
    "grok": {
      "correctness": 2.3333333333333335,
      "completeness": 3.0,
      "faithfulness": 2.3333333333333335,
      "relevance": 5.0,
      "average": 3.1666666666666665
    }
  },
  "ensemble": {
    "correctness": 2.666666666666667,
    "completeness": 3.0833333333333335,
    "faithfulness": 2.5833333333333335,
    "relevance": 4.583333333333333,
    "average": 3.2291666666666665
  }
}