{
  "res_id": "RES0216",
  "qid": "Q5",
  "question_type": "risk_factors",
  "per_model": {
    "gpt": {
      "correctness": 3.3333333333333335,
      "completeness": 2.6666666666666665,
      "faithfulness": 2.0,
      "relevance": 4.333333333333333,
      "average": 3.0833333333333335
    },
    "claude": {
      "correctness": 2.6666666666666665,
      "completeness": 3.0,
      "faithfulness": 2.0,
      "relevance": 3.3333333333333335,
      "average": 2.75
    },
    "gemini": {
      "correctness": 4.0,
      "completeness": 3.0,
      "faithfulness": 2.6666666666666665,
      "relevance": 4.666666666666667,
      "average": 3.5833333333333335
    },
    "grok": {
      "correctness": 3.0,
      "completeness": 2.3333333333333335,
      "faithfulness": 2.0,
      "relevance": 4.0,
      "average": 2.8333333333333335
    }
  },
  "ensemble": {
    "correctness": 3.25,
    "completeness": 2.75,
    "faithfulness": 2.1666666666666665,
    "relevance": 4.083333333333333,
    "average": 3.0625000000000004
  }
}