{
  "res_id": "RES0204",
  "qid": "Q1",
  "question_type": "symptom_recall",
  "per_model": {
    "gpt": {
      "correctness": 4.333333333333333,
      "completeness": 2.3333333333333335,
      "faithfulness": 5.0,
      "relevance": 4.333333333333333,
      "average": 4.0
    },
    "claude": {
      "correctness": 3.3333333333333335,
      "completeness": 2.0,
      "faithfulness": 4.0,
      "relevance": 4.0,
      "average": 3.3333333333333335
    },
    "gemini": {
      "correctness": 4.666666666666667,
      "completeness": 2.0,
      "faithfulness": 5.0,
      "relevance": 3.3333333333333335,
      "average": 3.75
    },
    "grok": {
      "correctness": 4.0,
      "completeness": 2.6666666666666665,
      "faithfulness": 5.0,
      "relevance": 5.0,
      "average": 4.166666666666667
    }
  },
  "ensemble": {
    "correctness": 4.083333333333333,
    "completeness": 2.25,
    "faithfulness": 4.75,
    "relevance": 4.166666666666666,
    "average": 3.8125
  }
}