{
  "res_id": "RES0205",
  "qid": "Q3",
  "question_type": "diagnostic_reasoning",
  "per_model": {
    "gpt": {
      "correctness": 5.0,
      "completeness": 2.6666666666666665,
      "faithfulness": 4.666666666666667,
      "relevance": 5.0,
      "average": 4.333333333333333
    },
    "claude": {
      "correctness": 4.0,
      "completeness": 3.0,
      "faithfulness": 4.666666666666667,
      "relevance": 5.0,
      "average": 4.166666666666667
    },
    "gemini": {
      "correctness": 5.0,
      "completeness": 3.0,
      "faithfulness": 5.0,
      "relevance": 5.0,
      "average": 4.5
    },
    "grok": {
      "correctness": 4.666666666666667,
      "completeness": 3.0,
      "faithfulness": 5.0,
      "relevance": 5.0,
      "average": 4.416666666666667
    }
  },
  "ensemble": {
    "correctness": 4.666666666666667,
    "completeness": 2.9166666666666665,
    "faithfulness": 4.833333333333334,
    "relevance": 5.0,
    "average": 4.354166666666667
  }
}