{
  "res_id": "RES0199",
  "qid": "Q4",
  "question_type": "ruled_out",
  "per_model": {
    "gpt": {
      "correctness": 5.0,
      "completeness": 4.666666666666667,
      "faithfulness": 5.0,
      "relevance": 5.0,
      "average": 4.916666666666667
    },
    "claude": {
      "correctness": 5.0,
      "completeness": 4.0,
      "faithfulness": 5.0,
      "relevance": 5.0,
      "average": 4.75
    },
    "gemini": {
      "correctness": 5.0,
      "completeness": 4.333333333333333,
      "faithfulness": 5.0,
      "relevance": 5.0,
      "average": 4.833333333333333
    },
    "grok": {
      "correctness": 5.0,
      "completeness": 4.333333333333333,
      "faithfulness": 5.0,
      "relevance": 5.0,
      "average": 4.833333333333333
    }
  },
  "ensemble": {
    "correctness": 5.0,
    "completeness": 4.333333333333333,
    "faithfulness": 5.0,
    "relevance": 5.0,
    "average": 4.833333333333333
  }
}