{
  "res_id": "RES0211",
  "qid": "Q7",
  "question_type": "temporal_progression",
  "per_model": {
    "gpt": {
      "correctness": 2.3333333333333335,
      "completeness": 3.0,
      "faithfulness": 2.0,
      "relevance": 4.666666666666667,
      "average": 3.0
    },
    "claude": {
      "correctness": 2.0,
      "completeness": 2.6666666666666665,
      "faithfulness": 3.0,
      "relevance": 4.0,
      "average": 2.9166666666666665
    },
    "gemini": {
      "correctness": 4.0,
      "completeness": 3.0,
      "faithfulness": 4.0,
      "relevance": 5.0,
      "average": 4.0
    },
    "grok": {
      "correctness": 2.6666666666666665,
      "completeness": 3.0,
      "faithfulness": 3.6666666666666665,
      "relevance": 5.0,
      "average": 3.5833333333333335
    }
  },
  "ensemble": {
    "correctness": 2.75,
    "completeness": 2.9166666666666665,
    "faithfulness": 3.1666666666666665,
    "relevance": 4.666666666666667,
    "average": 3.375
  }
}