{
  "res_id": "RES0202",
  "qid": "Q4",
  "question_type": "ruled_out",
  "per_model": {
    "gpt": {
      "correctness": 1.0,
      "completeness": 1.0,
      "faithfulness": 2.0,
      "relevance": 1.6666666666666667,
      "average": 1.4166666666666667
    },
    "claude": {
      "correctness": 1.0,
      "completeness": 1.0,
      "faithfulness": 2.0,
      "relevance": 1.6666666666666667,
      "average": 1.4166666666666667
    },
    "gemini": {
      "correctness": 1.0,
      "completeness": 1.0,
      "faithfulness": 1.6666666666666667,
      "relevance": 3.0,
      "average": 1.6666666666666667
    },
    "grok": {
      "correctness": 1.0,
      "completeness": 1.0,
      "faithfulness": 1.0,
      "relevance": 4.333333333333333,
      "average": 1.8333333333333333
    }
  },
  "ensemble": {
    "correctness": 1.0,
    "completeness": 1.0,
    "faithfulness": 1.6666666666666667,
    "relevance": 2.666666666666667,
    "average": 1.5833333333333333
  }
}