{
  "res_id": "RES0213",
  "qid": "Q5",
  "question_type": "risk_factors",
  "per_model": {
    "gpt": {
      "correctness": 3.0,
      "completeness": 3.0,
      "faithfulness": 2.0,
      "relevance": 4.0,
      "average": 3.0
    },
    "claude": {
      "correctness": 4.0,
      "completeness": 4.0,
      "faithfulness": 3.6666666666666665,
      "relevance": 5.0,
      "average": 4.166666666666667
    },
    "gemini": {
      "correctness": 3.3333333333333335,
      "completeness": 3.0,
      "faithfulness": 3.3333333333333335,
      "relevance": 5.0,
      "average": 3.6666666666666665
    },
    "grok": {
      "correctness": 3.3333333333333335,
      "completeness": 3.3333333333333335,
      "faithfulness": 2.3333333333333335,
      "relevance": 5.0,
      "average": 3.5
    }
  },
  "ensemble": {
    "correctness": 3.416666666666667,
    "completeness": 3.3333333333333335,
    "faithfulness": 2.8333333333333335,
    "relevance": 4.75,
    "average": 3.5833333333333335
  }
}