{
  "res_id": "RES0208",
  "qid": "Q3",
  "question_type": "diagnostic_reasoning",
  "per_model": {
    "gpt": {
      "correctness": 3.0,
      "completeness": 3.0,
      "faithfulness": 4.666666666666667,
      "relevance": 5.0,
      "average": 3.9166666666666665
    },
    "claude": {
      "correctness": 3.0,
      "completeness": 3.0,
      "faithfulness": 4.0,
      "relevance": 4.0,
      "average": 3.5
    },
    "gemini": {
      "correctness": 3.6666666666666665,
      "completeness": 3.0,
      "faithfulness": 5.0,
      "relevance": 5.0,
      "average": 4.166666666666667
    },
    "grok": {
      "correctness": 2.6666666666666665,
      "completeness": 3.0,
      "faithfulness": 5.0,
      "relevance": 5.0,
      "average": 3.9166666666666665
    }
  },
  "ensemble": {
    "correctness": 3.083333333333333,
    "completeness": 3.0,
    "faithfulness": 4.666666666666667,
    "relevance": 4.75,
    "average": 3.8749999999999996
  }
}