{
  "res_id": "RES0208",
  "qid": "Q2",
  "question_type": "treatment_inventory",
  "per_model": {
    "gpt": {
      "correctness": 4.333333333333333,
      "completeness": 4.333333333333333,
      "faithfulness": 4.0,
      "relevance": 5.0,
      "average": 4.416666666666667
    },
    "claude": {
      "correctness": 5.0,
      "completeness": 4.0,
      "faithfulness": 5.0,
      "relevance": 5.0,
      "average": 4.75
    },
    "gemini": {
      "correctness": 5.0,
      "completeness": 4.666666666666667,
      "faithfulness": 5.0,
      "relevance": 5.0,
      "average": 4.916666666666667
    },
    "grok": {
      "correctness": 5.0,
      "completeness": 5.0,
      "faithfulness": 4.333333333333333,
      "relevance": 5.0,
      "average": 4.833333333333333
    }
  },
  "ensemble": {
    "correctness": 4.833333333333333,
    "completeness": 4.5,
    "faithfulness": 4.583333333333333,
    "relevance": 5.0,
    "average": 4.729166666666667
  }
}