{
  "res_id": "RES0213",
  "qid": "Q1",
  "question_type": "symptom_recall",
  "per_model": {
    "gpt": {
      "correctness": 3.3333333333333335,
      "completeness": 2.3333333333333335,
      "faithfulness": 3.0,
      "relevance": 3.6666666666666665,
      "average": 3.0833333333333335
    },
    "claude": {
      "correctness": 3.0,
      "completeness": 2.6666666666666665,
      "faithfulness": 3.6666666666666665,
      "relevance": 3.3333333333333335,
      "average": 3.1666666666666665
    },
    "gemini": {
      "correctness": 4.0,
      "completeness": 2.6666666666666665,
      "faithfulness": 4.333333333333333,
      "relevance": 3.3333333333333335,
      "average": 3.5833333333333335
    },
    "grok": {
      "correctness": 3.6666666666666665,
      "completeness": 3.0,
      "faithfulness": 4.0,
      "relevance": 4.0,
      "average": 3.6666666666666665
    }
  },
  "ensemble": {
    "correctness": 3.5,
    "completeness": 2.6666666666666665,
    "faithfulness": 3.75,
    "relevance": 3.5833333333333335,
    "average": 3.375
  }
}