{
  "res_id": "RES0201",
  "qid": "Q5",
  "question_type": "risk_factors",
  "per_model": {
    "gpt": {
      "correctness": 2.3333333333333335,
      "completeness": 3.0,
      "faithfulness": 2.0,
      "relevance": 4.0,
      "average": 2.8333333333333335
    },
    "claude": {
      "correctness": 2.3333333333333335,
      "completeness": 3.0,
      "faithfulness": 2.3333333333333335,
      "relevance": 3.6666666666666665,
      "average": 2.8333333333333335
    },
    "gemini": {
      "correctness": 2.0,
      "completeness": 3.0,
      "faithfulness": 2.0,
      "relevance": 4.333333333333333,
      "average": 2.8333333333333335
    },
    "grok": {
      "correctness": 2.0,
      "completeness": 2.3333333333333335,
      "faithfulness": 2.0,
      "relevance": 3.6666666666666665,
      "average": 2.5
    }
  },
  "ensemble": {
    "correctness": 2.166666666666667,
    "completeness": 2.8333333333333335,
    "faithfulness": 2.0833333333333335,
    "relevance": 3.9166666666666665,
    "average": 2.75
  }
}