{
  "res_id": "RES0217",
  "qid": "Q7",
  "question_type": "temporal_progression",
  "per_model": {
    "gpt": {
      "correctness": 4.0,
      "completeness": 3.3333333333333335,
      "faithfulness": 4.0,
      "relevance": 5.0,
      "average": 4.083333333333333
    },
    "claude": {
      "correctness": 2.3333333333333335,
      "completeness": 3.0,
      "faithfulness": 3.0,
      "relevance": 3.6666666666666665,
      "average": 3.0
    },
    "gemini": {
      "correctness": 3.3333333333333335,
      "completeness": 4.0,
      "faithfulness": 3.6666666666666665,
      "relevance": 5.0,
      "average": 4.0
    },
    "grok": {
      "correctness": 3.6666666666666665,
      "completeness": 3.6666666666666665,
      "faithfulness": 4.666666666666667,
      "relevance": 5.0,
      "average": 4.25
    }
  },
  "ensemble": {
    "correctness": 3.3333333333333335,
    "completeness": 3.5,
    "faithfulness": 3.833333333333333,
    "relevance": 4.666666666666666,
    "average": 3.833333333333333
  }
}