{
  "res_id": "RES0214",
  "qid": "Q6",
  "question_type": "clinical_plan",
  "per_model": {
    "gpt": {
      "correctness": 3.0,
      "completeness": 3.0,
      "faithfulness": 4.0,
      "relevance": 4.0,
      "average": 3.5
    },
    "claude": {
      "correctness": 2.6666666666666665,
      "completeness": 3.0,
      "faithfulness": 3.3333333333333335,
      "relevance": 3.3333333333333335,
      "average": 3.0833333333333335
    },
    "gemini": {
      "correctness": 3.6666666666666665,
      "completeness": 3.0,
      "faithfulness": 5.0,
      "relevance": 5.0,
      "average": 4.166666666666667
    },
    "grok": {
      "correctness": 3.0,
      "completeness": 3.0,
      "faithfulness": 4.0,
      "relevance": 4.666666666666667,
      "average": 3.6666666666666665
    }
  },
  "ensemble": {
    "correctness": 3.083333333333333,
    "completeness": 3.0,
    "faithfulness": 4.083333333333334,
    "relevance": 4.25,
    "average": 3.6041666666666665
  }
}