{
  "res_id": "RES0204",
  "qid": "Q4",
  "question_type": "ruled_out",
  "per_model": {
    "gpt": {
      "correctness": 2.0,
      "completeness": 1.3333333333333333,
      "faithfulness": 2.0,
      "relevance": 3.0,
      "average": 2.0833333333333335
    },
    "claude": {
      "correctness": 2.0,
      "completeness": 2.0,
      "faithfulness": 2.0,
      "relevance": 2.3333333333333335,
      "average": 2.0833333333333335
    },
    "gemini": {
      "correctness": 2.0,
      "completeness": 2.0,
      "faithfulness": 1.3333333333333333,
      "relevance": 3.0,
      "average": 2.0833333333333335
    },
    "grok": {
      "correctness": 2.0,
      "completeness": 2.0,
      "faithfulness": 1.6666666666666667,
      "relevance": 3.0,
      "average": 2.1666666666666665
    }
  },
  "ensemble": {
    "correctness": 2.0,
    "completeness": 1.8333333333333333,
    "faithfulness": 1.75,
    "relevance": 2.8333333333333335,
    "average": 2.1041666666666665
  }
}