{
  "res_id": "RES0215",
  "qid": "Q3",
  "question_type": "diagnostic_reasoning",
  "per_model": {
    "gpt": {
      "correctness": 4.0,
      "completeness": 3.0,
      "faithfulness": 2.6666666666666665,
      "relevance": 4.666666666666667,
      "average": 3.5833333333333335
    },
    "claude": {
      "correctness": 4.0,
      "completeness": 3.0,
      "faithfulness": 2.6666666666666665,
      "relevance": 4.666666666666667,
      "average": 3.5833333333333335
    },
    "gemini": {
      "correctness": 4.0,
      "completeness": 3.0,
      "faithfulness": 2.6666666666666665,
      "relevance": 4.666666666666667,
      "average": 3.5833333333333335
    },
    "grok": {
      "correctness": 4.0,
      "completeness": 3.0,
      "faithfulness": 2.0,
      "relevance": 4.333333333333333,
      "average": 3.3333333333333335
    }
  },
  "ensemble": {
    "correctness": 4.0,
    "completeness": 3.0,
    "faithfulness": 2.5,
    "relevance": 4.583333333333333,
    "average": 3.5208333333333335
  }
}