{
  "res_id": "RES0209",
  "qid": "Q7",
  "question_type": "temporal_progression",
  "per_model": {
    "gpt": {
      "correctness": 3.0,
      "completeness": 2.0,
      "faithfulness": 2.3333333333333335,
      "relevance": 3.3333333333333335,
      "average": 2.6666666666666665
    },
    "claude": {
      "correctness": 2.0,
      "completeness": 2.3333333333333335,
      "faithfulness": 3.3333333333333335,
      "relevance": 2.6666666666666665,
      "average": 2.5833333333333335
    },
    "gemini": {
      "correctness": 4.333333333333333,
      "completeness": 2.0,
      "faithfulness": 5.0,
      "relevance": 4.0,
      "average": 3.8333333333333335
    },
    "grok": {
      "correctness": 4.333333333333333,
      "completeness": 2.3333333333333335,
      "faithfulness": 3.3333333333333335,
      "relevance": 5.0,
      "average": 3.75
    }
  },
  "ensemble": {
    "correctness": 3.416666666666666,
    "completeness": 2.166666666666667,
    "faithfulness": 3.5000000000000004,
    "relevance": 3.75,
    "average": 3.2083333333333335
  }
}