{
  "res_id": "RES0200",
  "qid": "Q1",
  "question_type": "symptom_recall",
  "per_model": {
    "gpt": {
      "correctness": 2.0,
      "completeness": 2.0,
      "faithfulness": 2.0,
      "relevance": 3.6666666666666665,
      "average": 2.4166666666666665
    },
    "claude": {
      "correctness": 1.3333333333333333,
      "completeness": 1.6666666666666667,
      "faithfulness": 1.3333333333333333,
      "relevance": 2.3333333333333335,
      "average": 1.6666666666666667
    },
    "gemini": {
      "correctness": 1.6666666666666667,
      "completeness": 1.6666666666666667,
      "faithfulness": 1.3333333333333333,
      "relevance": 3.0,
      "average": 1.9166666666666667
    },
    "grok": {
      "correctness": 2.0,
      "completeness": 2.0,
      "faithfulness": 2.0,
      "relevance": 4.0,
      "average": 2.5
    }
  },
  "ensemble": {
    "correctness": 1.75,
    "completeness": 1.8333333333333335,
    "faithfulness": 1.6666666666666665,
    "relevance": 3.25,
    "average": 2.125
  }
}