{
  "res_id": "RES0198",
  "qid": "Q3",
  "question_type": "diagnostic_reasoning",
  "per_model": {
    "gpt": {
      "correctness": 3.6666666666666665,
      "completeness": 2.3333333333333335,
      "faithfulness": 3.3333333333333335,
      "relevance": 4.0,
      "average": 3.3333333333333335
    },
    "claude": {
      "correctness": 3.0,
      "completeness": 2.3333333333333335,
      "faithfulness": 3.6666666666666665,
      "relevance": 3.6666666666666665,
      "average": 3.1666666666666665
    },
    "gemini": {
      "correctness": 4.333333333333333,
      "completeness": 2.6666666666666665,
      "faithfulness": 4.333333333333333,
      "relevance": 3.6666666666666665,
      "average": 3.75
    },
    "grok": {
      "correctness": 3.6666666666666665,
      "completeness": 2.3333333333333335,
      "faithfulness": 2.6666666666666665,
      "relevance": 3.6666666666666665,
      "average": 3.0833333333333335
    }
  },
  "ensemble": {
    "correctness": 3.6666666666666665,
    "completeness": 2.416666666666667,
    "faithfulness": 3.4999999999999996,
    "relevance": 3.7499999999999996,
    "average": 3.3333333333333335
  }
}