{
  "res_id": "RES0209",
  "qid": "Q5",
  "question_type": "risk_factors",
  "per_model": {
    "gpt": {
      "correctness": 1.3333333333333333,
      "completeness": 1.6666666666666667,
      "faithfulness": 2.0,
      "relevance": 2.0,
      "average": 1.75
    },
    "claude": {
      "correctness": 1.6666666666666667,
      "completeness": 1.6666666666666667,
      "faithfulness": 1.6666666666666667,
      "relevance": 1.6666666666666667,
      "average": 1.6666666666666667
    },
    "gemini": {
      "correctness": 1.3333333333333333,
      "completeness": 2.0,
      "faithfulness": 1.3333333333333333,
      "relevance": 2.0,
      "average": 1.6666666666666667
    },
    "grok": {
      "correctness": 1.6666666666666667,
      "completeness": 1.6666666666666667,
      "faithfulness": 2.0,
      "relevance": 2.6666666666666665,
      "average": 2.0
    }
  },
  "ensemble": {
    "correctness": 1.5,
    "completeness": 1.7500000000000002,
    "faithfulness": 1.75,
    "relevance": 2.0833333333333335,
    "average": 1.7708333333333335
  }
}