{
  "res_id": "RES0203",
  "qid": "Q6",
  "question_type": "clinical_plan",
  "per_model": {
    "gpt": {
      "correctness": 3.0,
      "completeness": 3.0,
      "faithfulness": 2.6666666666666665,
      "relevance": 4.666666666666667,
      "average": 3.3333333333333335
    },
    "claude": {
      "correctness": 2.6666666666666665,
      "completeness": 3.0,
      "faithfulness": 3.3333333333333335,
      "relevance": 5.0,
      "average": 3.5
    },
    "gemini": {
      "correctness": 3.0,
      "completeness": 3.0,
      "faithfulness": 3.0,
      "relevance": 4.666666666666667,
      "average": 3.4166666666666665
    },
    "grok": {
      "correctness": 2.0,
      "completeness": 3.0,
      "faithfulness": 2.6666666666666665,
      "relevance": 5.0,
      "average": 3.1666666666666665
    }
  },
  "ensemble": {
    "correctness": 2.6666666666666665,
    "completeness": 3.0,
    "faithfulness": 2.9166666666666665,
    "relevance": 4.833333333333334,
    "average": 3.3541666666666665
  }
}