{
  "res_id": "RES0203",
  "qid": "Q3",
  "question_type": "diagnostic_reasoning",
  "per_model": {
    "gpt": {
      "correctness": 3.0,
      "completeness": 2.6666666666666665,
      "faithfulness": 3.6666666666666665,
      "relevance": 4.666666666666667,
      "average": 3.5
    },
    "claude": {
      "correctness": 3.0,
      "completeness": 2.6666666666666665,
      "faithfulness": 4.0,
      "relevance": 4.666666666666667,
      "average": 3.5833333333333335
    },
    "gemini": {
      "correctness": 4.0,
      "completeness": 3.0,
      "faithfulness": 4.666666666666667,
      "relevance": 5.0,
      "average": 4.166666666666667
    },
    "grok": {
      "correctness": 2.3333333333333335,
      "completeness": 2.6666666666666665,
      "faithfulness": 2.3333333333333335,
      "relevance": 4.333333333333333,
      "average": 2.9166666666666665
    }
  },
  "ensemble": {
    "correctness": 3.0833333333333335,
    "completeness": 2.7499999999999996,
    "faithfulness": 3.6666666666666665,
    "relevance": 4.666666666666667,
    "average": 3.5416666666666665
  }
}