{
  "res_id": "RES0205",
  "qid": "Q1",
  "question_type": "symptom_recall",
  "per_model": {
    "gpt": {
      "correctness": 3.3333333333333335,
      "completeness": 2.0,
      "faithfulness": 3.6666666666666665,
      "relevance": 4.0,
      "average": 3.25
    },
    "claude": {
      "correctness": 2.0,
      "completeness": 2.0,
      "faithfulness": 2.6666666666666665,
      "relevance": 3.0,
      "average": 2.4166666666666665
    },
    "gemini": {
      "correctness": 3.5,
      "completeness": 2.0,
      "faithfulness": 5.0,
      "relevance": 4.5,
      "average": 3.75
    },
    "grok": {
      "correctness": 2.6666666666666665,
      "completeness": 2.3333333333333335,
      "faithfulness": 5.0,
      "relevance": 4.0,
      "average": 3.5
    }
  },
  "ensemble": {
    "correctness": 2.875,
    "completeness": 2.0833333333333335,
    "faithfulness": 4.083333333333333,
    "relevance": 3.875,
    "average": 3.2291666666666665
  }
}