{
  "res_id": "RES0214",
  "qid": "Q3",
  "question_type": "diagnostic_reasoning",
  "per_model": {
    "gpt": {
      "correctness": 4.0,
      "completeness": 3.0,
      "faithfulness": 3.3333333333333335,
      "relevance": 5.0,
      "average": 3.8333333333333335
    },
    "claude": {
      "correctness": 3.3333333333333335,
      "completeness": 2.6666666666666665,
      "faithfulness": 4.0,
      "relevance": 4.666666666666667,
      "average": 3.6666666666666665
    },
    "gemini": {
      "correctness": 4.0,
      "completeness": 3.3333333333333335,
      "faithfulness": 4.0,
      "relevance": 5.0,
      "average": 4.083333333333333
    },
    "grok": {
      "correctness": 4.0,
      "completeness": 3.6666666666666665,
      "faithfulness": 4.0,
      "relevance": 5.0,
      "average": 4.166666666666667
    }
  },
  "ensemble": {
    "correctness": 3.8333333333333335,
    "completeness": 3.1666666666666665,
    "faithfulness": 3.8333333333333335,
    "relevance": 4.916666666666667,
    "average": 3.9375
  }
}