{
  "res_id": "RES0215",
  "qid": "Q2",
  "question_type": "treatment_inventory",
  "per_model": {
    "gpt": {
      "correctness": 4.0,
      "completeness": 3.0,
      "faithfulness": 4.0,
      "relevance": 5.0,
      "average": 4.0
    },
    "claude": {
      "correctness": 4.0,
      "completeness": 3.0,
      "faithfulness": 4.333333333333333,
      "relevance": 4.666666666666667,
      "average": 4.0
    },
    "gemini": {
      "correctness": 4.666666666666667,
      "completeness": 3.0,
      "faithfulness": 4.333333333333333,
      "relevance": 4.333333333333333,
      "average": 4.083333333333333
    },
    "grok": {
      "correctness": 3.6666666666666665,
      "completeness": 3.0,
      "faithfulness": 3.0,
      "relevance": 4.666666666666667,
      "average": 3.5833333333333335
    }
  },
  "ensemble": {
    "correctness": 4.083333333333334,
    "completeness": 3.0,
    "faithfulness": 3.916666666666666,
    "relevance": 4.666666666666667,
    "average": 3.9166666666666665
  }
}