{
  "res_id": "RES0200",
  "qid": "Q3",
  "question_type": "diagnostic_reasoning",
  "per_model": {
    "gpt": {
      "correctness": 3.3333333333333335,
      "completeness": 3.0,
      "faithfulness": 5.0,
      "relevance": 4.333333333333333,
      "average": 3.9166666666666665
    },
    "claude": {
      "correctness": 3.0,
      "completeness": 3.0,
      "faithfulness": 4.333333333333333,
      "relevance": 4.0,
      "average": 3.5833333333333335
    },
    "gemini": {
      "correctness": 4.333333333333333,
      "completeness": 3.0,
      "faithfulness": 5.0,
      "relevance": 4.666666666666667,
      "average": 4.25
    },
    "grok": {
      "correctness": 3.3333333333333335,
      "completeness": 3.0,
      "faithfulness": 5.0,
      "relevance": 5.0,
      "average": 4.083333333333333
    }
  },
  "ensemble": {
    "correctness": 3.5000000000000004,
    "completeness": 3.0,
    "faithfulness": 4.833333333333333,
    "relevance": 4.5,
    "average": 3.958333333333333
  }
}