{
  "res_id": "RES0208",
  "qid": "Q4",
  "question_type": "ruled_out",
  "per_model": {
    "gpt": {
      "correctness": 1.0,
      "completeness": 1.0,
      "faithfulness": 1.3333333333333333,
      "relevance": 2.6666666666666665,
      "average": 1.5
    },
    "claude": {
      "correctness": 1.3333333333333333,
      "completeness": 1.0,
      "faithfulness": 1.3333333333333333,
      "relevance": 2.0,
      "average": 1.4166666666666667
    },
    "gemini": {
      "correctness": 1.0,
      "completeness": 1.0,
      "faithfulness": 1.0,
      "relevance": 2.0,
      "average": 1.25
    },
    "grok": {
      "correctness": 1.0,
      "completeness": 1.0,
      "faithfulness": 1.0,
      "relevance": 2.3333333333333335,
      "average": 1.3333333333333333
    }
  },
  "ensemble": {
    "correctness": 1.0833333333333333,
    "completeness": 1.0,
    "faithfulness": 1.1666666666666665,
    "relevance": 2.25,
    "average": 1.375
  }
}