{
  "res_id": "RES0210",
  "qid": "Q5",
  "question_type": "risk_factors",
  "per_model": {
    "gpt": {
      "correctness": 1.0,
      "completeness": 1.0,
      "faithfulness": 1.6666666666666667,
      "relevance": 2.0,
      "average": 1.4166666666666667
    },
    "claude": {
      "correctness": 1.6666666666666667,
      "completeness": 2.0,
      "faithfulness": 2.0,
      "relevance": 2.0,
      "average": 1.9166666666666667
    },
    "gemini": {
      "correctness": 1.0,
      "completeness": 1.6666666666666667,
      "faithfulness": 1.0,
      "relevance": 2.0,
      "average": 1.4166666666666667
    },
    "grok": {
      "correctness": 1.0,
      "completeness": 1.0,
      "faithfulness": 1.6666666666666667,
      "relevance": 2.0,
      "average": 1.4166666666666667
    }
  },
  "ensemble": {
    "correctness": 1.1666666666666667,
    "completeness": 1.4166666666666667,
    "faithfulness": 1.5833333333333335,
    "relevance": 2.0,
    "average": 1.5416666666666667
  }
}