{
  "res_id": "RES0216",
  "qid": "Q2",
  "question_type": "treatment_inventory",
  "per_model": {
    "gpt": {
      "correctness": 2.0,
      "completeness": 2.6666666666666665,
      "faithfulness": 2.0,
      "relevance": 4.0,
      "average": 2.6666666666666665
    },
    "claude": {
      "correctness": 2.0,
      "completeness": 2.3333333333333335,
      "faithfulness": 2.0,
      "relevance": 3.0,
      "average": 2.3333333333333335
    },
    "gemini": {
      "correctness": 3.0,
      "completeness": 3.0,
      "faithfulness": 3.6666666666666665,
      "relevance": 5.0,
      "average": 3.6666666666666665
    },
    "grok": {
      "correctness": 2.0,
      "completeness": 3.0,
      "faithfulness": 2.0,
      "relevance": 5.0,
      "average": 3.0
    }
  },
  "ensemble": {
    "correctness": 2.25,
    "completeness": 2.75,
    "faithfulness": 2.4166666666666665,
    "relevance": 4.25,
    "average": 2.9166666666666665
  }
}