{
  "res_id": "RES0211",
  "qid": "Q3",
  "question_type": "diagnostic_reasoning",
  "per_model": {
    "gpt": {
      "correctness": 4.0,
      "completeness": 3.0,
      "faithfulness": 3.0,
      "relevance": 4.0,
      "average": 3.5
    },
    "claude": {
      "correctness": 3.0,
      "completeness": 3.3333333333333335,
      "faithfulness": 2.3333333333333335,
      "relevance": 3.6666666666666665,
      "average": 3.0833333333333335
    },
    "gemini": {
      "correctness": 4.333333333333333,
      "completeness": 3.3333333333333335,
      "faithfulness": 3.3333333333333335,
      "relevance": 5.0,
      "average": 4.0
    },
    "grok": {
      "correctness": 4.0,
      "completeness": 3.3333333333333335,
      "faithfulness": 2.3333333333333335,
      "relevance": 5.0,
      "average": 3.6666666666666665
    }
  },
  "ensemble": {
    "correctness": 3.833333333333333,
    "completeness": 3.2500000000000004,
    "faithfulness": 2.7500000000000004,
    "relevance": 4.416666666666666,
    "average": 3.5625
  }
}