{
  "res_id": "RES0205",
  "qid": "Q7",
  "question_type": "temporal_progression",
  "per_model": {
    "gpt": {
      "correctness": 2.6666666666666665,
      "completeness": 2.0,
      "faithfulness": 2.6666666666666665,
      "relevance": 4.0,
      "average": 2.8333333333333335
    },
    "claude": {
      "correctness": 2.0,
      "completeness": 2.6666666666666665,
      "faithfulness": 3.0,
      "relevance": 3.3333333333333335,
      "average": 2.75
    },
    "gemini": {
      "correctness": 3.0,
      "completeness": 2.3333333333333335,
      "faithfulness": 3.6666666666666665,
      "relevance": 4.666666666666667,
      "average": 3.4166666666666665
    },
    "grok": {
      "correctness": 2.3333333333333335,
      "completeness": 2.3333333333333335,
      "faithfulness": 3.0,
      "relevance": 4.666666666666667,
      "average": 3.0833333333333335
    }
  },
  "ensemble": {
    "correctness": 2.5,
    "completeness": 2.3333333333333335,
    "faithfulness": 3.083333333333333,
    "relevance": 4.166666666666667,
    "average": 3.0208333333333335
  }
}